{"Sem n\u00edvel de escolaridade": -0.2502845113103778, "B\u00e1sico 1\u00ba ciclo": -0.2204676817150201, "B\u00e1sico 2\u00ba ciclo": -0.024992976506573346, "B\u00e1sico 3\u00ba ciclo": 0.11100674008298773, "Secund\u00e1rio": 0.1931798795724354, "M\u00e9dio": 0.16847431648081587, "Superior": 0.23990540113603556}